id,label,actual_qps,p50,p95,count,errors,error_rate
"2025-10-09-233746_cva_enabled_3k","cva-enabled-3k",2999.864353233626,0.0005370543936307503,0.0009918984132113256,180000,0,0
